Abilene Christian,[](#f/abilenechristian),Abilene Christian
Air Force,[](#f/airforce),Air Force
Akron,[](#f/akron),Akron
Alabama,[](#f/alabama),Alabama
Alabama A&M,[](#f/alabamaam),Alabama A & M
Alabama State,[](#f/alabamastate),Alabama State
Albany,[](#f/albany),Albany
Alcorn State,[](#f/alcornstate),Alcorn State
American,[](#f/american),American
Appalachian State,[](#f/appalachianstate),Appalachian State
Arizona,[](#f/arizona),Arizona
Arizona State,[](#f/arizonastate),Arizona State
Arkansas,[](#f/arkansas),Arkansas
Arkansas State,[](#f/arkansasstate),Arkansas State
Arkansas-Pine Bluff,[](#f/uapb),Arkansas-Pine Bluff
Army,[](#f/army),Army
Auburn,[](#f/auburn),Auburn
Austin Peay,[](#f/austinpeay),Austin Peay
Ball State,[](#f/ballstate),Ball State
Baylor,[](#f/baylor),Baylor
Bellarmine,[](#f/bellarmine),Bellarmine
Belmont,[](#f/belmont),Belmont
Bethune-Cookman,[](#f/bethunecookman),Bethune Cookman
Binghamton,[](#f/binghamton),Binghamton
Boise State,[](#f/boisestate),Boise State
Boston College,[](#f/bostoncollege),BC
Boston University,[](#f/bostonuniversity),BU
Bowling Green,[](#f/bowlinggreen),Bowling Green
Bradley,[](#f/bradley),Bradley
Brown,[](#f/brown),Brown
Bryant,[](#f/bryant),Bryant
Bucknell,[](#f/bucknell),Bucknell
Buffalo,[](#f/buffalo),Buffalo
Butler,[](#f/butler),Butler
BYU,[](#f/byu),BYU
Cal Poly,[](#f/calpoly),Cal Poly
California,[](#f/california),California
California Baptist,[](#f/californiabaptist),Cal Baptist
Campbell,[](#f/campbell),Campbell
Canisius,[](#f/canisius),Canisius
Central Arkansas,[](#f/centralarkansas),University of Central Arkansas
Central Connecticut,[](#f/ccsu),Central Connecticut State
Central Michigan,[](#f/centralmichigan),Central Michigan
Charleston,[](#f/collegecharleston),College of Charleston
Charleston Southern,[](#f/charlestonsouthern),Charleston Southern
Charlotte,[](#f/charlotte),Charlotte
Chattanooga,[](#f/chattanooga),Chattanooga
Chicago State,[](#f/chicagostate),Chicago State
Cincinnati,[](#f/cincinnati),Cincinnati
Clemson,[](#f/clemson),Clemson
Cleveland State,[](#f/clevelandstate),Cleveland State
Coastal Carolina,[](#f/coastalcarolina),Coastal Carolina
Colgate,[](#f/colgate),Colgate
Colorado,[](#f/colorado),Colorado
Colorado State,[](#f/coloradostate),Colorado State
Columbia,[](#f/columbia),Columbia
Coppin State,[](#f/coppinstate),Coppin State
Cornell,[](#f/cornell),Cornell
Creighton,[](#f/creighton),Creighton
CSU Bakersfield,[](#f/csubakersfield),Cal State Bakersfield
CSU Fullerton,[](#f/csufullerton),Cal State Fullerton
CSU Northridge,[](#f/csunorthridge),Cal State Northridge
Dartmouth,[](#f/dartmouth),Dartmouth
Davidson,[](#f/davidson),Davidson
Dayton,[](#f/dayton),Dayton
Delaware,[](#f/delaware),Delaware
Delaware State,[](#f/delawarestate),Delaware State
Denver,[](#f/denver),Denver
DePaul,[](#f/depaul),DePaul
Detroit Mercy,[](#f/detroitmercy),Detroit
Dixie State,[](#f/dixiestate),Dixie State
Drake,[](#f/drake),Drake
Drexel,[](#f/drexel),Drexel
Duke,[](#f/duke),Duke
Duquesne,[](#f/duquesne),Duquesne
East Carolina,[](#f/ecu),ECU
East Tennessee State,[](#f/easttennesseestate),ETSU
Eastern Illinois,[](#f/easternillinois),Eastern Illinois
Eastern Kentucky,[](#f/easternkentucky),Eastern Kentucky
Eastern Michigan,[](#f/easternmichigan),Eastern Michigan
Eastern Washington,[](#f/easternwashington),Eastern Washington
Elon,[](#f/elon),Elon
Evansville,[](#f/evansville),Evansville
Fairfield,[](#f/fairfield),Fairfield
Fairleigh Dickinson,[](#f/fairleighdickinson),Fairleigh Dickinson
Florida,[](#f/florida),Florida
Florida A&M,[](#f/floridaam),Florida A&M
Florida Atlantic,[](#f/fau),Florida Atlantic
Florida Gulf Coast,[](#f/floridagulfcoast),Florida Gulf Coast
Florida International,[](#f/fiu),FIU
Florida State,[](#f/floridastate),Florida State
Fordham,[](#f/fordham),Fordham
Fresno State,[](#f/fresnostate),Fresno State
Furman,[](#f/furman),Furman
Gardner-Webb,[](#f/gardnerwebb),Gardner-Webb
George Mason,[](#f/georgemason),George Mason
George Washington,[](#f/georgewashington),GW
Georgetown,[](#f/georgetown),Georgetown
Georgia,[](#f/georgia),Georgia
Georgia Southern,[](#f/georgiasouthern),Georgia Southern
Georgia State,[](#f/georgiastate),Georgia State
Georgia Tech,[](#f/georgiatech),Georgia Tech
Gonzaga,[](#f/gonzaga),Gonzaga
Grambling,[](#f/grambling),Grambling State
Grand Canyon,[](#f/grandcanyon),Grand Canyon
Green Bay,[](#f/greenbay),Green Bay
Hampton,[](#f/hampton),Hampton
Hartford,[](#f/hartford),Hartford
Harvard,[](#f/harvard),Harvard
Hawai'i,[](#f/hawaii),Hawaii
High Point,[](#f/highpoint),High Point
Hofstra,[](#f/hofstra),Hofstra
Holy Cross,[](#f/holycross),Holy Cross
Houston,[](#f/houston),Houston
Houston Baptist,[](#f/houstonbaptist),Houston Baptist
Howard,[](#f/howard),Howard
Idaho,[](#f/idaho),Idaho
Idaho State,[](#f/idahostate),Idaho State
Illinois,[](#f/illinois),Illinois
Illinois State,[](#f/illinoisstate),Illinois State
Incarnate Word,[](#f/incarnateword),Incarnate Word
Indiana,[](#f/indiana),Indiana
Indiana State,[](#f/indianastate),Indiana State
Iona,[](#f/iona),Iona
Iowa,[](#f/iowa),Iowa
Iowa State,[](#f/iowastate),Iowa State
IUPUI,[](#f/iupui),IUPUI
Jackson State,[](#f/jacksonstate),Jackson State
Jacksonville,[](#f/jacksonville),Jacksonville
Jacksonville State,[](#f/jacksonvillestate),Jacksonville State
James Madison,[](#f/jamesmadison),James Madison
Kansas,[](#f/kansas),Kansas
Kansas State,[](#f/kansasstate),Kansas State
Kennesaw State,[](#f/kennesawstate),Kennesaw State
Kent State,[](#f/kentstate),Kent State
Kentucky,[](#f/kentucky),Kentucky
La Salle,[](#f/lasalle),La Salle
Lafayette,[](#f/lafayette),Lafayette
Lamar,[](#f/lamar),Lamar
Lehigh,[](#f/lehigh),Lehigh
Liberty,[](#f/liberty),Liberty
Lipscomb,[](#f/lipscomb),Lipscomb
Little Rock,[](#f/ualr),Little Rock
Long Beach State,[](#f/csulongbeach),Long Beach State
Long Island University,[](#f/liu),LIU-Brooklyn
Longwood,[](#f/longwood),Longwood
Louisiana,[](#f/louisiana),Louisiana
Louisiana Tech,[](#f/louisianatech),Louisiana Tech
Louisville,[](#f/louisville),Louisville
Loyola (MD),[](#f/loyolamaryland),Loyola-MD
Loyola Chicago,[](#f/loyolachicago),Loyola Chicago
Loyola Marymount,[](#f/loyolamarymount),Loyola Marymount
LSU,[](#f/lsu),LSU
Maine,[](#f/maine),Maine
Manhattan,[](#f/manhattan),Manhattan
Marist,[](#f/marist),Marist
Marquette,[](#f/marquette),Marquette
Marshall,[](#f/marshall),Marshall
Maryland,[](#f/maryland),Maryland
Maryland-Eastern Shore,[](#f/umes),UMES
McNeese,[](#f/mcneese),McNeese
Memphis,[](#f/memphis),Memphis
Mercer,[](#f/mercer),Mercer
Merrimack,[](#f/merrimack),Merrimack
Miami,[](#f/miami),Miami (FL)
Miami (OH),[](#f/miamioh),Miami (OH)
Michigan,[](#f/michigan),Michigan
Michigan State,[](#f/michiganstate),Michigan State
Middle Tennessee,[](#f/middletennessee),MT
Milwaukee,[](#f/milwaukee),Milwaukee
Minnesota,[](#f/minnesota),Minnesota
Mississippi State,[](#f/mississippistate),Mississippi State
Mississippi Valley State,[](#f/mvsu),Mississippi Valley State
Missouri,[](#f/missouri),Missouri
Missouri State,[](#f/missouristate),Missouri State
Monmouth,[](#f/monmouth),Monmouth
Montana,[](#f/montana),Montana
Montana State,[](#f/montanastate),Montana State
Morehead State,[](#f/moreheadstate),Morehead State
Morgan State,[](#f/morganstate),Morgan State
Mount St. Mary's,[](#f/mountstmarys),Mt. St. Mary's
Murray State,[](#f/murraystate),Murray State
Navy,[](#f/navy),Navy
NC State,[](#f/ncstate),NC State
Nebraska,[](#f/nebraska),Nebraska
Nevada,[](#f/nevada),Nevada
New Hampshire,[](#f/newhampshire),UNH
New Mexico,[](#f/newmexico),New Mexico
New Mexico State,[](#f/newmexicostate),New Mexico State
New Orleans,[](#f/neworleans),New Orleans
Niagara,[](#f/niagara),Niagara
Nicholls,[](#f/nicholls),Nicholls State University
NJIT,[](#f/njit),NJIT
Norfolk State,[](#f/norfolkstate),Norfolk State
North Alabama,[](#f/northalabama),North Alabama
North Carolina,[](#f/northcarolina),North Carolina
North Carolina A&T,[](#f/northcarolinaat),NC A&T
North Carolina Central,[](#f/nccu),NC Central
North Dakota,[](#f/northdakota),North Dakota
North Dakota State,[](#f/northdakotastate),North Dakota State
North Florida,[](#f/northflorida),North Florida
North Texas,[](#f/northtexas),North Texas
Northeastern,[](#f/northeastern),Northeastern
Northern Arizona,[](#f/northernarizona),Northern Arizona
Northern Colorado,[](#f/northerncolorado),Northern Colorado
Northern Illinois,[](#f/northernillinois),Northern Illinois
Northern Iowa,[](#f/northerniowa),Northern Iowa
Northern Kentucky,[](#f/northernkentucky),Northern Kentucky
Northwestern,[](#f/northwestern),Northwestern
Northwestern State,[](#f/northwesternstate),Northwestern State
Notre Dame,[](#f/notredame),Notre Dame
Oakland,[](#f/oakland),Oakland
Ohio,[](#f/ohio),Ohio
Ohio State,[](#f/ohiostate),Ohio State
Oklahoma,[](#f/oklahoma),Oklahoma
Oklahoma State,[](#f/oklahomastate),Oklahoma State
Old Dominion,[](#f/olddominion),Old Dominion
Ole Miss,[](#f/olemiss),Ole Miss
Omaha,[](#f/nebraskaomaha),Nebraska-Omaha
Oral Roberts,[](#f/oralroberts),Oral Roberts
Oregon,[](#f/oregon),Oregon
Oregon State,[](#f/oregonstate),Oregon State
Pacific,[](#f/pacific),Pacific
Penn State,[](#f/pennstate),Penn State
Pennsylvania,[](#f/pennsylvania),Penn
Pepperdine,[](#f/pepperdine),Pepperdine
Pittsburgh,[](#f/pittsburgh),Pitt
Portland,[](#f/portland),Portland
Portland State,[](#f/portlandstate),Portland State
Prairie View A&M,[](#f/prairieviewam),Prairie View A&M
Presbyterian,[](#f/presbyterian),Presbyterian
Princeton,[](#f/princeton),Princeton
Providence,[](#f/providence),Providence
Purdue,[](#f/purdue),Purdue
Purdue Fort Wayne,[](#f/fortwayne),Fort Wayne
Quinnipiac,[](#f/quinnipiac),Quinnipiac
Radford,[](#f/radford),Radford
Rhode Island,[](#f/rhodeisland),URI
Rice,[](#f/rice),Rice
Richmond,[](#f/richmond),Richmond
Rider,[](#f/rider),Rider
Robert Morris,[](#f/robertmorris),Robert Morris
Rutgers,[](#f/rutgers),Rutgers
Sacramento State,[](#f/sacramentostate),Sacramento State
Sacred Heart,[](#f/sacredheart),Sacred Heart
Saint Joseph's,[](#f/stjosephspa),St. Joseph's
Saint Louis,[](#f/saintlouis),St. Louis
Saint Mary's,[](#f/stmarys),St. Mary's
Saint Peter's,[](#f/stpeters),St. Peter's
Sam Houston State,[](#f/samhoustonstate),Sam Houston State
Samford,[](#f/samford),Samford
San Diego,[](#f/sandiego),San Diego
San Diego State,[](#f/sandiegostate),San Diego State
San Francisco,[](#f/sanfrancisco),San Francisco
San Jos� State,[](#f/sanjosestate),San Jose State
Santa Clara,[](#f/santaclara),Santa Clara
SE Louisiana,[](#f/southeasternlouisiana),Southeastern Louisiana
Seattle U,[](#f/seattle),Seattle
Seton Hall,[](#f/setonhall),Seton Hall
Siena,[](#f/siena),Siena
SIU Edwardsville,[](#f/siue),SIU Edwardsville
SMU,[](#f/smu),SMU
South Alabama,[](#f/southalabama),South Alabama
South Carolina,[](#f/southcarolina),South Carolina
South Carolina State,[](#f/southcarolinastate),SC State
South Carolina Upstate,[](#f/uscupstate),SC Upstate
South Dakota,[](#f/southdakota),South Dakota
South Dakota State,[](#f/southdakotastate),South Dakota State
South Florida,[](#f/usf),USF
Southeast Missouri State,[](#f/southeastmissouri),SE Missouri State
Southern,[](#f/southern),Southern
Southern Illinois,[](#f/southernillinois),Southern Illinois
Southern Miss,[](#f/southernmiss),Southern Miss
Southern Utah,[](#f/southernutah),Southern Utah
St. Bonaventure,[](#f/stbonaventure),St. Bonaventure
St. Francis (BKN),[](#f/stfrancisbrooklyn),St. Francis Brooklyn
St. Francis (PA),[](#f/stfrancis),St. Francis PA
St. John's,[](#f/stjohnsny),St. John's
Stanford,[](#f/stanford),Stanford
Stephen F. Austin,[](#f/stephenfaustin),Stephen F. Austin
Stetson,[](#f/stetson),Stetson
Stony Brook,[](#f/stonybrook),Stony Brook
Syracuse,[](#f/syracuse),Syracuse
Tarleton,[](#f/tarletonstate),Tarleton
TCU,[](#f/tcu),TCU
Temple,[](#f/temple),Temple
Tennessee,[](#f/tennessee),Tennessee
Tennessee State,[](#f/tennesseestate),Tennessee State
Tennessee Tech,[](#f/tennesseetech),Tennessee Tech
Texas,[](#f/texas),Texas
Texas A&M,[](#f/texasam),Texas A&M
Texas A&M-CC,[](#f/texasamcorpuschristi),Texas A&M-Corpus Christi
Texas Southern,[](#f/texassouthern),Texas Southern
Texas State,[](#f/texasstate),Texas State
Texas Tech,[](#f/texastech),Texas Tech
The Citadel,[](#f/citadel),The Citadel
Toledo,[](#f/toledo),Toledo
Towson,[](#f/towson),Towson
Troy,[](#f/troy),Troy
Tulane,[](#f/tulane),Tulane
Tulsa,[](#f/tulsa),Tulsa
UAB,[](#f/uab),UAB
UC Davis,[](#f/ucdavis),UC Davis
UC Irvine,[](#f/ucirvine),UC Irvine
UC Riverside,[](#f/ucriverside),UC Riverside
UC San Diego,[](#f/ucsd),UC San Diego
UC Santa Barbara,[](#f/ucsb),UC Santa Barbara
UCF,[](#f/ucf),UCF
UCLA,[](#f/ucla),UCLA
UConn,[](#f/connecticut),UConn
UIC,[](#f/uic),UIC
UL Monroe,[](#f/ulm),ULM
UM Kansas City,[](#f/umkc),UMKC
UMass,[](#f/umass),UMass
UMass Lowell,[](#f/massachusettslowell),UMass Lowell
UMBC,[](#f/umbc),UMBC
UNC Asheville,[](#f/uncasheville),UNC Asheville
UNC Greensboro,[](#f/uncgreensboro),UNC Greensboro
UNC Wilmington,[](#f/uncwilmington),UNC Wilmington
UNLV,[](#f/unlv),UNLV
USC,[](#f/usc),USC
UT Arlington,[](#f/utarlington),UT-Arlington
UT Martin,[](#f/utmartin),Tennessee-Martin
UT Rio Grande Valley,[](#f/texasriograndevalley),UTRGV
Utah,[](#f/utah),Utah
Utah State,[](#f/utahstate),Utah State
Utah Valley,[](#f/utahvalley),Utah Valley
UTEP,[](#f/utep),UTEP
UTSA,[](#f/utsa),UTSA
Valparaiso,[](#f/valparaiso),Valparaiso
Vanderbilt,[](#f/vanderbilt),Vanderbilt
VCU,[](#f/vcu),VCU
Vermont,[](#f/vermont),UVM
Villanova,[](#f/villanova),Villanova
Virginia,[](#f/virginia),Virginia
Virginia Tech,[](#f/virginiatech),Virginia Tech
VMI,[](#f/vmi),VMI
Wagner,[](#f/wagner),Wagner
Wake Forest,[](#f/wakeforest),Wake Forest
Washington,[](#f/washington),Washington
Washington State,[](#f/washingtonstate),Washington State
Weber State,[](#f/weberstate),Weber State
West Virginia,[](#f/westvirginia),West Virginia
Western Carolina,[](#f/westerncarolina),Western Carolina
Western Illinois,[](#f/westernillinois),Western Illinois
Western Kentucky,[](#f/wku),Western Kentucky
Western Michigan,[](#f/westernmichigan),Western Michigan
Wichita State,[](#f/wichitastate),Wichita State
William & Mary,[](#f/williammary),William & Mary
Winthrop,[](#f/winthrop),Winthrop
Wisconsin,[](#f/wisconsin),Wisconsin
Wofford,[](#f/wofford),Wofford
Wright State,[](#f/wrightstate),Wright State
Wyoming,[](#f/wyoming),Wyoming
Xavier,[](#f/xavier),Xavier
Yale,[](#f/yale),Yale
Youngstown State,[](#f/youngstownstate),Youngstown State